﻿<?xml version="1.0" encoding="utf-8"?>

<control xmlns:def="Definition" xmlns="http://schemas.sitecore.net/Visual-Studio-Intellisense">
  <Coveo.UI.Controls.Dialogs.DateSelector>
    <FormDialog Header="Date" Text="Select a date" Icon="People/32x32/clock.png">
      <CodeBeside Type="Coveo.UI.Controls.Dialogs.DateSelector, Coveo.UI.Controls" />

      <Border Padding="4px 0px 0px 54px">
        <DateTimePicker ID="Date" />
      </Border>

    </FormDialog>
  </Coveo.UI.Controls.Dialogs.DateSelector>
</control>