﻿<?xml version="1.0" encoding="UTF-8" ?>
<control xmlns:def="Definition" xmlns="http://schemas.sitecore.net/Visual-Studio-Intellisense">
  <Coveo.UI.Controls.CustomFields.NumericFieldPickerDialog>
    <FormDialog Header="Field name" Icon="Coveo/32x32/NumericFieldPicker.png">
      <Stylesheet src="/sitecore modules/Shell/Coveo/CustomFields/AutocompleteField.css"/>
      <Script Type="text/javascript" Language="javascript" Src="https://code.jquery.com/jquery-3.5.0.min.js"/>
      <Script Type="text/javascript" Language="javascript" Src="/sitecore modules/Shell/Coveo/CustomFields/AutocompleteField.js"/>
      <Script Type="text/javascript" Language="javascript" Src="https://cdnjs.cloudflare.com/ajax/libs/corejs-typeahead/0.11.1/typeahead.bundle.min.js"/>

      <CodeBeside Type="Coveo.UI.Controls.CustomFields.FieldPickerDialog, Coveo.UI.Controls" />

      <div id="autocompleteFieldInputControl">
        <Edit ID="FieldInput"
              Class="FieldTypeAhead"
              placeholder="Type a field name"
              data-number="true" />
      </div>
    </FormDialog>
  </Coveo.UI.Controls.CustomFields.NumericFieldPickerDialog>
</control>
