﻿<?xml version="1.0" encoding="utf-8"?>

<control xmlns="http://schemas.sitecore.net/Visual-Studio-Intellisense">
  <CoveoAboutDialog>
    <Stylesheet src="/sitecore modules/Shell/Coveo/CoveoCommon.css" />
    <Stylesheet src="/sitecore modules/Shell/Coveo/CoveoCommon.VersionSpecific.css" />
    <Stylesheet src="/sitecore modules/Shell/Coveo/LicenseInformation.css" />
    <Stylesheet src="/sitecore modules/Shell/Coveo/LinksList.css" />

    <FormDialog Icon="Coveo/32x32/LicenseManager.png"
                Header="Coveo for Sitecore License"
                Text="Details about your Coveo for Sitecore license"
                CancelButton="false">
      <CodeBeside Type="Coveo.SearchProvider.Applications.Shell.Controls.AboutDialog, Coveo.SearchProvider.Applications"/>

      <CoveoDialogPadding>
        <CoveoLicenseInformation />
      </CoveoDialogPadding>
    </FormDialog>
  </CoveoAboutDialog>
</control>