<?xml version="1.0" encoding="utf-8"?>

<control xmlns:def="Definition"
         xmlns="http://schemas.sitecore.net/Visual-Studio-Intellisense">
  <CoveoConfigureSitecoreCredentialsWizardFormPage
    def:inherits="Coveo.SearchProvider.Applications.Shell.Controls.ConfigureSitecoreCredentialsWizardFormPage,Coveo.SearchProvider.Applications">
    <WizardFormPage ID="$ID"
                    Icon="Coveo/48x48/CoveoLogo.png"
                    Header="$Header"
                    Text="Configure the Sitecore credentials used to retrieve security permissions">
      <CoveoWizardFormPadding>
        <Literal Text="Coveo for Sitecore uses a Sitecore account to expand security permissions of indexed items, content processing and user impersonation. For more details see "/>
        <a href="https://developers.coveo.com/x/NAwvAg" target="_blank">this page.</a>
        
        <div class="formSection">
          <GridPanel Columns="2" Cellpadding="0" Class="configurationTable">
            <Label For="SitecoreUsernameEdit" GridPanel.Class="labelCell">
              <Literal Text="Username:"/>
            </Label>
            <div GridPanel.Class="settingCell">
              <Edit ID="SitecoreUsernameEdit" Class="settingInput"/>
              <div class="errorMessage">
                <Literal ID="EnterSitecoreUsernameMessageLiteral" Text="Please enter the Sitecore username."/>
              </div>
            </div>

            <Label For="SitecorePasswordEdit" GridPanel.Class="labelCell">
              <Literal Text="Password:"/>
            </Label>
            <div GridPanel.Class="settingCell">
              <Edit ID="SitecorePasswordEdit" Class="settingInput" Password="true"/>
              <div class="errorMessage">
                <Literal ID="EnterSitecorePasswordMessageLiteral" Text="Please enter the Sitecore password."/>
                <Literal ID="InvalidSitecoreCredentialsMessageLiteral" Text="Invalid user name or password."/>
              </div>
            </div>
          </GridPanel>
        </div>

        <div class="formFooter">
          <Literal def:ID="StepDescriptionLiteral"/>
        </div>
      </CoveoWizardFormPadding>
    </WizardFormPage>
  </CoveoConfigureSitecoreCredentialsWizardFormPage>
</control>
