﻿<?xml version="1.0" encoding="utf-8" ?>
<control xmlns="http://schemas.sitecore.net/Visual-Studio-Intellisense">
  <CoveoConfigureAdminServiceWizard>
    <WizardForm CodeBeside="Coveo.SearchProvider.Applications.Shell.Controls.CoveoWizardForm, Coveo.SearchProvider.Applications">
      <Stylesheet src="/sitecore modules/Shell/Coveo/CoveoCommon.css"/>
      <Stylesheet src="/sitecore modules/Shell/Coveo/CoveoCommon.VersionSpecific.css"/>
      <Stylesheet src="/sitecore modules/Shell/Coveo/CoveoWizardForm.css"/>
      <Stylesheet src="/sitecore modules/Shell/Coveo/ConfigurationWizardFormPage.css"/>
      <Stylesheet src="/sitecore modules/Shell/Coveo/ConfigurationWizardFormPage.VersionSpecific.css"/>

      <CoveoConfigureAdminServiceWizardFormPage ID="AdminServiceConfigurationPage"
                                                IsInstalling="false"/>

      <WizardFormPage ID="LastPage"
                      Icon="Coveo/48x48/CoveoLogo.png"
                      Header="Sitecore Admin Service Configuration"
                      Text="Success">
        <CoveoWizardFormPadding>
          <Literal Text="AdminService credentials sucessfully configured" Class="successMessage"/>
        </CoveoWizardFormPadding>
      </WizardFormPage>
    </WizardForm>
  </CoveoConfigureAdminServiceWizard>
</control>
