﻿<?xml version="1.0" encoding="utf-8"?>

<control xmlns:def="Definition" xmlns="http://schemas.sitecore.net/Visual-Studio-Intellisense">
  <CoveoLicenseFeatureStateImage def:inherits="Coveo.SearchProvider.Applications.Shell.Controls.LicenseFeatureStateImage,Coveo.SearchProvider.Applications.dll">
    <div>
      <Border def:ID="EnabledImagePanel" Visible="false">
        <ThemedImage Src="Coveo/Misc/FeatureAvailable.png" Width="12" Height="10" />
      </Border>
      <Border def:ID="DisabledImagePanel" Visible="false">
        <ThemedImage Src="Coveo/Misc/FeatureUnavailable.png" Width="14" Height="14" />
      </Border>
    </div>
  </CoveoLicenseFeatureStateImage>
</control>