﻿<?xml version="1.0" encoding="utf-8"?>

<control xmlns:def="Definition"
         xmlns="http://schemas.sitecore.net/Visual-Studio-Intellisense">
  <CoveoLicenseDetailsWizardFormPage def:inherits="Coveo.SearchProvider.Applications.Shell.Controls.LicenseDetailsWizardFormPage,Coveo.SearchProvider.Applications">
    <WizardFormPage ID="$ID"
                    Icon="Coveo/48x48/LicenseManager.png"
                    Header="$Header"
                    Text="$Text">
      <CoveoWizardFormPadding AdditionalCoveoPanelClass="noBackgroundButtons">
        <Literal Text="$InstructionsText" Class="formSectionHeader" />

        <CoveoLicenseInformation def:ID="LicenseDetail" />
      </CoveoWizardFormPadding>
    </WizardFormPage>
  </CoveoLicenseDetailsWizardFormPage>
</control>