﻿<?xml version="1.0" encoding="utf-8"?>

<control xmlns:def="Definition"
         xmlns:coveohtml="http://www.coveo.com/htmlcontrols"
         xmlns="http://schemas.sitecore.net/Visual-Studio-Intellisense">
  <CoveoLicenseInformation def:inherits="Coveo.SearchProvider.Applications.Shell.Controls.LicenseInformation,Coveo.SearchProvider.Applications">
    <div class="$Class">
      <Border def:ID="InvalidLicensePanel">
        <Button Class="linkButton bigButton rightButton" Click="OnGetLicenseButtonClick" Header="Get a license" />
        <ThemedImage Src="ApplicationsV2/16x16/delete.png" Width="16" Height="16" Class="invalidLicenseImage" />
        <Literal def:ID="InvalidLicenseLiteral" Class="invalidLicenseText" />
      </Border>

      <Border def:ID="LicenseInformationPanel">
        <div class="licenseInfoSection">
          <div>
            <Literal class="licenseInfoLabel" Text="Edition:" />
            <Literal class="licenseInfoValue" def:ID="EditionLiteral" />
          </div>
          <div>
            <Literal class="licenseInfoLabel" Text="Organization Name:" />
            <Literal class="licenseInfoValue" def:ID="OrganizationNameLiteral" />
          </div>
          <div>
            <Literal class="licenseInfoLabel" Text="Organization ID:" />
            <Literal class="licenseInfoValue" def:ID="OrganizationIdLiteral" />
          </div>
          <div>
            <Literal class="licenseInfoLabel" Text="Owner:" />
            <Literal class="licenseInfoValue" def:ID="OwnerLiteral" />
          </div>
        </div>

        <div class="licenseInfoSection">
          <Border def:ID="MissingOutMessagePanel">
            <Literal class="licenseSectionLabel" Text="You're missing out!" />
          </Border>

          <table cellpadding="0" cellspacing="0" class="featuresGrid">
            <tr>
              <td class="featuresGridColumn left">
                <GridPanel Columns="2" Cellpadding="0" Class="featuresColumn">
                  <CoveoLicenseFeatureStateImage def:ID="AnalyticsLoggingFeatureImage" GridPanel.Class="featureStateImage"/>
                  <Literal GridPanel.Class="featureName" Text="Analytics Logging"/>

                  <CoveoLicenseFeatureStateImage def:ID="DmsConditionalRenderingFeatureImage" GridPanel.Class="featureStateImage"/>
                  <Literal GridPanel.Class="featureName" Text="Analytics Conditional Rendering"/>

                  <CoveoLicenseFeatureStateImage def:ID="ContentPersonalizationFeatureImage" GridPanel.Class="featureStateImage"/>
                  <Literal GridPanel.Class="featureName" Text="Content Personalization"/>

                  <CoveoLicenseFeatureStateImage def:ID="LayoutPersonalizationFeatureImage" GridPanel.Class="featureStateImage"/>
                  <Literal GridPanel.Class="featureName" Text="Layout Personalization"/>

                  <CoveoLicenseFeatureStateImage def:ID="RuleEditorFeatureImage" GridPanel.Class="featureStateImage"/>
                  <Literal GridPanel.Class="featureName" Text="Ranking Editor"/>

                  <CoveoLicenseFeatureStateImage def:ID="RecommendationsFeatureImage" GridPanel.Class="featureStateImage"/>
                  <Literal GridPanel.Class="featureName" Text="Coveo ML Recommendations"/>

                  <CoveoLicenseFeatureStateImage def:ID="SupportPlanFeatureImage" GridPanel.Class="featureStateImage"/>
                  <Literal GridPanel.Class="featureName" Text="Support"/>
                </GridPanel>
              </td>
              <td class="featuresGridColumn right">
                <GridPanel Columns="2" Cellpadding="0" Class="featuresColumn">
                  <CoveoLicenseFeatureStateImage def:ID="NumberOfDocumentsLimitFeatureImage" GridPanel.Class="featureStateImage"/>
                  <Literal def:ID="NumberOfDocumentsLimitLiteral" GridPanel.Class="featureName"/>
                </GridPanel>
              </td>
            </tr>
          </table>
        </div>

        <div class="licenseInfoSection">
          <ul class="linksList">
            <li class="centerLink sideBySideLink halfWidthLink">
              <Border def:ID="UpgradeToProEditionPanel" Style="max-width: 175px; margin: 0 auto;">
                <div>
                  <ThemedImage height="90px" Src="Coveo/Misc/ProEdition.png" />
                </div>
                <div class="linkContent">
                  <div>
                    <div class="linkTitle">
                      <Literal Text="Get the Pro Cloud Edition" />
                    </div>
                    <div class="linkDescription">
                      <Literal Text="Simplify your deployment with our Cloud indexing platform. Benefit from our latest innovation such as automated relevance tuning and customizable query pipelines."/>
                    </div>
                  </div>
                  <div>
                    <Button Click="OnUpgradeToEnterpriseVersionButtonClick" Header="Upgrade" Class="linkButton bigButton"/>
                  </div>
                </div>
              </Border>
            </li>

            <li class="centerLink sideBySideLink halfWidthLink">
              <Border def:ID="WithSupportPlanPanel" Class="withSupportPlanPanel">
                <div class="supportPlanCoveredForBackground">
                  <ThemedImage Src="Coveo/Misc/CoveredForBackground.png" height="90" width="170" />
                </div>
                <div class="supportPlanExpirationContainer">
                  <div class="supportPlanExpirationLabelContainer">
                    <Literal def:ID="SupportPlanExpirationLabelLiteral" Class="supportPlanExpirationLabel" />
                  </div>
                  <div class="supportPlanExpirationBox">
                    <div class="supportPlanExpirationDelay">
                      <coveohtml:Span def:ID="SupportPlanExpirationYearsPanel">
                        <Literal def:ID="SupportPlanExpirationRemainingYearsLiteral" Class="delayNumber" />
                        <Literal def:ID="SupportPlanExpirationYearsUnitLiteral" Class="delayUnit" />
                      </coveohtml:Span>
                      <coveohtml:Span def:ID="SupportPlanExpirationDaysPanel">
                        <Literal def:ID="SupportPlanExpirationRemainingDaysLiteral" Class="delayNumber" />
                        <Literal def:ID="SupportPlanExpirationDaysUnitLiteral" Class="delayUnit" />
                      </coveohtml:Span>
                    </div>
                  </div>
                </div>
              </Border>
              <Border def:ID="UpgradeToEnterpriseEditionPanel" style="max-width: 200px; margin: 0 auto;">
                <div>
                  <ThemedImage height="90px" Src="Coveo/Misc/EnterpriseEdition.png" />
                </div>
                <div class="linkContent">
                  <div>
                    <div class="linkTitle">
                      <Literal def:ID="UpgradeToEnterpriseEditionLiteral" />
                    </div>
                    <div class="linkDescription">
                      <Literal Text="Give even more control to your content editor with features such as usage analytics, xDB-based personalization, ranking editor, external file and database sources indexing and more."/>
                    </div>
                  </div>
                  <div>
                    <Button def:ID="UpgradeToEnterpriseButton" Click="OnUpgradeToEnterpriseVersionButtonClick" Class="linkButton bigButton"/>
                  </div>
                </div>
              </Border>
            </li>
          </ul>
          <div style="clear: both;"><span style="display: none;">.<!-- This hidden span tag with textual content is needed because Sitecore tries to optimize the parent div tag if it is empty by auto-closing it. This generates invalid HTML in the end. --></span></div>
        </div>
      </Border>
    </div>
  </CoveoLicenseInformation>
</control>