﻿<?xml version="1.0" encoding="utf-8"?>

<control xmlns:coveohtml="http://www.coveo.com/htmlcontrols"
         xmlns="http://schemas.sitecore.net/Visual-Studio-Intellisense">
  <CoveoPostInstallationWizard>
    <WizardForm CodeBeside="Coveo.SearchProvider.Applications.Shell.Controls.PostInstallationWizard, Coveo.SearchProvider.Applications">
      <Stylesheet src="/sitecore modules/Shell/Coveo/CoveoCommon.css" />
      <Stylesheet src="/sitecore modules/Shell/Coveo/CoveoCommon.VersionSpecific.css" />
      <Stylesheet src="/sitecore modules/Shell/Coveo/CoveoWizardForm.css" />

      <WizardFormPage ID="LastPage"
                      Icon="Coveo/48x48/CoveoLogo.png"
                      Header="Coveo for Sitecore Configuration">
        <CoveoWizardFormPadding>
          <div class="formSection">
            <Literal Text="Coveo for Sitecore has been successfully installed. You can now activate the package:" Class="successMessage" />
          </div>
          <div class="formSectionCentered">
            <a href="/coveo/command-center/index.html" target="_blank" Class="linkButton bigButton">Activate Coveo for Sitecore Package</a>
          </div>
        </CoveoWizardFormPadding>
      </WizardFormPage>
    </WizardForm>
  </CoveoPostInstallationWizard>
</control>