﻿<?xml version="1.0" encoding="utf-8"?>

<control xmlns="http://schemas.sitecore.net/Visual-Studio-Intellisense"
         xmlns:asp="http://www.sitecore.net/microsoft/webcontrols">
  <CoveoResourcesDialog>
    <Stylesheet src="/sitecore modules/Shell/Coveo/CoveoCommon.css" />
    <Stylesheet src="/sitecore modules/Shell/Coveo/CoveoCommon.VersionSpecific.css" />
    <Stylesheet src="/sitecore modules/Shell/Coveo/LinksList.css" />

    <FormDialog Icon="Coveo/32x32/LicenseManager.png"
                Header="Coveo for Sitecore"
                Text="Developer &amp; Support Resources"
                CancelButton="false">
      <CodeBeside Type="Coveo.SearchProvider.Applications.Shell.Controls.ResourcesDialog, Coveo.SearchProvider.Applications"/>

      <CoveoDialogPadding>
        <ul class="linksList">
          <li>
            <div class="linkIcon">
              <ThemedImage Src="Coveo/Misc/Documentation.png" />
            </div>
            <div class="linkContent">
              <div class="linkTitle">
                <Literal Text="Documentation" />
              </div>
              <div class="linkDescription">
                <Literal Text="This is your starting point for installing, configuring, customizing and troubleshooting Coveo for Sitecore."/>
              </div>
              <div>
                <a href="https://coveo.com/c4sc-v5-documentation" target="_blank" class="linkButton">
                  <Literal Text="View Documentation" />
                </a>
              </div>
            </div>
          </li>
            <li>
              <div class="linkIcon">
                <ThemedImage Src="Coveo/Misc/Documentation.png"/>
              </div>
              <div class="linkContent">
                <div class="linkTitle">
                  <Literal Text="Release Notes"/>
                </div>
                <div class="linkDescription">
                  <Literal Text="See the new Coveo for Sitecore features and bug fixes."/>
                </div>
                <div>
                  <a href="https://coveo.com/c4sc-v5-release-notes" target="_blank" class="linkButton">
                    <Literal Text="View Release Notes"/>
                  </a>
                </div>
              </div>
            </li>
          <li>
            <div class="linkIcon">
              <ThemedImage Src="Coveo/Misc/QA.png"/>
            </div>
            <div class="linkContent">
              <div class="linkTitle">
                <Literal Text="Question/Answers Community"/>
              </div>
              <div class="linkDescription">
                <Literal Text="Get your questions answered by Coveo specialists and other senior developers."/>
              </div>
              <div>
                <a href="https://coveo.com/c4sc-ask-a-question" target="_blank" class="linkButton">
                  <Literal Text="Ask A Question" />
                </a>
              </div>
            </div>
          </li>
          <asp:PlaceHolder ID="GetSupportLinkPlaceHolder" runat="server">
            <li>
              <div class="linkIcon">
                <ThemedImage Src="Coveo/Misc/Support.png" />
              </div>
              <div class="linkContent">
                <div class="linkTitle">
                  <Literal Text="Get Support" />
                </div>
                <div class="linkDescription">
                  <Literal Text="You have direct access to our support team." />
                </div>
                <div>
                  <a href="https://coveo.com/c4sc-contact-support" target="_blank" class="linkButton">
                    <Literal Text="Contact Support" />
                  </a>
                </div>
              </div>
            </li>
          </asp:PlaceHolder>
          <asp:PlaceHolder ID="GetSupportPlanLinkPlaceHolder" runat="server">
            <li class="centerLink">
              <div class="linkContent">
                <div class="linkTitle">
                  <Literal Text="Enhance your experience" />
                </div>
                <div class="linkDescription">
                  <Literal Text="Get access to our support team" />
                </div>
                <div>
                  <CoveoSupportPlanAdvantages />
                </div>
                <div>
                  <Button Header="Upgrade your Edition" Click="OnUpgradeToEnterpriseVersionButtonClick" Class="linkButton"/>
                </div>
              </div>
            </li>
          </asp:PlaceHolder>
          <li class="centerLink">
            <ThemedImage Src="Coveo/Misc/Phone.png" />
            <div class="linkContent">
              <div class="linkTitle">
                <Literal Text="Contact Us" />
              </div>
              <div class="linkDescription">
                <Literal Text="If you have any other inquiries about Coveo for Sitecore." />
              </div>
              <div class="linkDescription">
                <a href="mailto:sitecore@coveo.com">sitecore@coveo.com</a>
                <Border ID="PhoneNumberPanel">
                  1.800.635.5476
                </Border>
              </div>
              <div>
                <a href="https://coveo.com/c4sc-contactus" target="_blank" class="linkButton">
                  <Literal Text="All Contact Info" />
                </a>
              </div>
            </div>
          </li>
        </ul>
      </CoveoDialogPadding>
    </FormDialog>
  </CoveoResourcesDialog>
</control>