﻿<?xml version="1.0" encoding="utf-8"?>

<control xmlns:def="Definition"
         xmlns="http://schemas.sitecore.net/Visual-Studio-Intellisense">
  <CoveoSupportPlanAdvantages>
    <Stylesheet src="/sitecore modules/Shell/Coveo/SupportPlanAdvantages.css" />

    <table border="0" cellspacing="0" callpadding="0" class="supportPlanAdvantages">
      <tr>
        <td>
          <ThemedImage Src="Coveo/Misc/SupportPlanAdvantages/MultiChannel.png" />
        </td>
        <td class="middleAdvantage">
          <ThemedImage Src="Coveo/Misc/SupportPlanAdvantages/AnytimeAssistance.png" />
        </td>
        <td>
          <ThemedImage Src="Coveo/Misc/SupportPlanAdvantages/FastResponseTime.png" />
        </td>
      </tr>

      <tr class="advantagesTitle">
        <td>
          <Literal Text="Multi channel support" />
        </td>
        <td class="middleAdvantage">
          <Literal Text="Anytime assistance" />
        </td>
        <td>
          <Literal Text="Fast response time" />
        </td>
      </tr>

      <tr class="advantagesDescription">
        <td>
          <Literal Text="Support from our product specialists through phone, web or email." />
        </td>
        <td class="middleAdvantage">
          <Literal Text="Get 24/7 support from our team of experts." />
        </td>
        <td>
          <Literal Text="Guaranteed response time to address your issues or requests." />
        </td>
      </tr>
    </table>
  </CoveoSupportPlanAdvantages>
</control>